{"cameraMode":{"drawMode":0,"name":"Shaded","section":"Shading Mode"},"sceneLighting":true,"audioPlay":false,"sceneViewState":{"m_AlwaysRefresh":false,"showFog":true,"showSkybox":true,"showFlares":true,"showImageEffects":true,"showParticleSystems":true,"showVisualEffectGraphs":true,"m_FxEnabled":true},"in2DMode":false,"pivot":{"x":-0.6188735961914063,"y":-0.2305312156677246,"z":0.9148540496826172},"rotation":{"x":-0.14656123518943788,"y":-0.3857426345348358,"z":0.06222108006477356,"w":-0.9087926745414734},"size":5.321532249450684,"orthographic":false}